update,frames,FPS,duration,rreturn_mean,rreturn_std,rreturn_min,rreturn_max,num_frames_mean,num_frames_std,num_frames_min,num_frames_max,entropy,value,policy_loss,value_loss,grad_norm,return_mean,return_std,return_min,return_max
1,16768,2203.0483620028926,7,0.05378289494598121,0.1637322933479823,0.0,0.8125,137.07894736842104,21.541125390807537,30.0,144.0,1.9376760504462502,-0.009046722774986516,-0.05443660728633404,0.004787818267659256,0.16406353335416565,0.05378289494598121,0.1637322933479823,0.0,0.8125
update,frames,FPS,duration,rreturn_mean,rreturn_std,rreturn_min,rreturn_max,num_frames_mean,num_frames_std,num_frames_min,num_frames_max,entropy,value,policy_loss,value_loss,grad_norm,return_mean,return_std,return_min,return_max
2,33536,1848.3777981646024,16,0.033665966336466686,0.13265704636108136,0.0,0.8125,139.9579831932773,17.672746410232616,30.0,144.0,1.9380694537451773,0.00739846752119113,-0.010208916464100846,0.0025266006952292764,0.1406648022164518,0.033665966336466686,0.13265704636108136,0.0,0.8125
update,frames,FPS,duration,rreturn_mean,rreturn_std,rreturn_min,rreturn_max,num_frames_mean,num_frames_std,num_frames_min,num_frames_max,entropy,value,policy_loss,value_loss,grad_norm,return_mean,return_std,return_min,return_max
3,50304,1746.395347547131,26,0.019739583507180213,0.07813748231602699,0.0,0.4749999940395355,142.04166666666666,8.976261130832194,84.0,144.0,1.9354380802674727,0.006092411041071032,-0.006582932223946872,0.001150108863040452,0.14919671471763088,0.019739583507180213,0.07813748231602699,0.0,0.4749999940395355
update,frames,FPS,duration,rreturn_mean,rreturn_std,rreturn_min,rreturn_max,num_frames_mean,num_frames_std,num_frames_min,num_frames_max,entropy,value,policy_loss,value_loss,grad_norm,return_mean,return_std,return_min,return_max
4,67072,2035.6173088322466,34,0.0473360651340641,0.16872327736493314,0.0,0.862500011920929,137.7377049180328,22.924610327484846,22.0,144.0,1.9301647074294812,0.02436934451036381,0.014328299866368374,0.004019905895058235,0.16057917718509898,0.0473360651340641,0.16872327736493314,0.0,0.862500011920929
update,frames,FPS,duration,rreturn_mean,rreturn_std,rreturn_min,rreturn_max,num_frames_mean,num_frames_std,num_frames_min,num_frames_max,entropy,value,policy_loss,value_loss,grad_norm,return_mean,return_std,return_min,return_max
5,83840,2032.4390344779595,42,0.03914194844536862,0.1405276889445223,0.0,0.7749999761581421,139.09322033898306,18.492777925236883,36.0,144.0,1.928745246294773,0.015518461085968849,-0.0008819165307090082,0.002783913925558216,0.15915650378955712,0.03914194844536862,0.1405276889445223,0.0,0.7749999761581421
update,frames,FPS,duration,rreturn_mean,rreturn_std,rreturn_min,rreturn_max,num_frames_mean,num_frames_std,num_frames_min,num_frames_max,entropy,value,policy_loss,value_loss,grad_norm,return_mean,return_std,return_min,return_max
6,100608,2040.559986976178,51,0.05624999941849127,0.16837224170085816,0.0,0.762499988079071,137.08130081300814,22.453780349117654,38.0,144.0,1.9251985170624473,0.021249476107627605,-0.003803351745856079,0.0038159040286149266,0.17619647022100682,0.05624999941849127,0.16837224170085816,0.0,0.762499988079071
update,frames,FPS,duration,rreturn_mean,rreturn_std,rreturn_min,rreturn_max,num_frames_mean,num_frames_std,num_frames_min,num_frames_max,entropy,value,policy_loss,value_loss,grad_norm,return_mean,return_std,return_min,return_max
7,117376,2050.3163095589457,59,0.08160000002384185,0.21130887316953353,0.0,0.90625,133.376,28.666820960825078,15.0,144.0,1.9213376623211484,0.02382702212498495,-0.012052198720277485,0.005173488555363182,0.1885129974749138,0.08160000002384185,0.21130887316953353,0.0,0.90625
update,frames,FPS,duration,rreturn_mean,rreturn_std,rreturn_min,rreturn_max,num_frames_mean,num_frames_std,num_frames_min,num_frames_max,entropy,value,policy_loss,value_loss,grad_norm,return_mean,return_std,return_min,return_max
8,134144,2046.6822058334587,67,0.05929878063318206,0.18178863422771674,0.0,0.925000011920929,136.46341463414635,24.634001448499266,12.0,144.0,1.9170093608625007,0.02213623584953673,0.0033677987036450454,0.003954877376655173,0.1961005731309877,0.05929878063318206,0.18178863422771674,0.0,0.925000011920929
update,frames,FPS,duration,rreturn_mean,rreturn_std,rreturn_min,rreturn_max,num_frames_mean,num_frames_std,num_frames_min,num_frames_max,entropy,value,policy_loss,value_loss,grad_norm,return_mean,return_std,return_min,return_max
9,150912,2037.9676829099024,75,0.06994047595394982,0.20489380011712532,0.0,0.862500011920929,134.71428571428572,28.037632630759237,22.0,144.0,1.9103199929902048,0.02576556128703735,0.0021592788010214767,0.004811135073065419,0.1979411648433197,0.06994047595394982,0.20489380011712532,0.0,0.862500011920929
update,frames,FPS,duration,rreturn_mean,rreturn_std,rreturn_min,rreturn_max,num_frames_mean,num_frames_std,num_frames_min,num_frames_max,entropy,value,policy_loss,value_loss,grad_norm,return_mean,return_std,return_min,return_max
10,167680,1913.352878327371,84,0.05963114734555854,0.18305899723881885,0.0,0.96875,136.4262295081967,24.853643079194278,5.0,144.0,1.9085857236024104,0.02105042749705414,-0.0008987649485017314,0.003738157870071573,0.2026448991395978,0.05963114734555854,0.18305899723881885,0.0,0.96875
11,184448,2040.11149013812,92,0.12537878842064828,0.25169378629258565,0.0,0.9312499761581421,127.93939393939394,34.47171822245663,11.0,144.0,1.9030296784458738,0.04060677749415239,-0.012770462984035752,0.007989303272386844,0.21982932192013951,0.12537878842064828,0.25169378629258565,0.0,0.9312499761581421
12,201216,2031.3870555433025,100,0.12116477220798984,0.24338386268690557,0.0,0.887499988079071,128.37121212121212,32.981263115784095,18.0,144.0,1.898851544568033,0.040175959637219254,-0.0055910907288886265,0.006475396881190439,0.23317544644318913,0.12116477220798984,0.24338386268690557,0.0,0.887499988079071
13,217984,2042.2139717747398,109,0.1306730765562791,0.2642483507508819,0.0,0.9750000238418579,126.9076923076923,36.394514834782065,4.0,144.0,1.9018130374677253,0.04359288795879393,-0.0054960013486296784,0.007012533694223473,0.22477307335435934,0.1306730765562791,0.2642483507508819,0.0,0.9750000238418579
14,234752,2029.1024059821082,117,0.1772321425910507,0.30316694378084275,0.0,0.9750000238418579,120.55714285714286,42.17417480411636,4.0,144.0,1.8925572724053354,0.057883471363421646,0.003961107025988344,0.008515856193491456,0.23453694669150313,0.1772321425910507,0.30316694378084275,0.0,0.9750000238418579
15,251520,2048.771819865499,125,0.16571557878152185,0.291193230428272,0.0,0.9750000238418579,122.0072463768116,40.17380651741528,4.0,144.0,1.8856974424737873,0.06497062415336118,0.007308878964095405,0.00944791562770578,0.2531759289855911,0.16571557878152185,0.291193230428272,0.0,0.9750000238418579
16,268288,2055.231371680362,133,0.18250899268783255,0.29492787672265647,0.0,0.96875,119.86330935251799,40.53991752321646,5.0,144.0,1.8792833812309033,0.07698300283289317,0.0120617166888251,0.010045836108144034,0.2460047985364756,0.18250899268783255,0.29492787672265647,0.0,0.96875
17,285056,1803.3356737265558,143,0.19618055638339785,0.3043548872904008,0.0,0.987500011920929,118.05555555555556,42.02607949862431,2.0,144.0,1.886666137160677,0.08061435011525948,0.019472661378765195,0.00965293528596786,0.25010341978413314,0.19618055638339785,0.3043548872904008,0.0,0.987500011920929
18,301824,2076.5359901937313,151,0.2321061644039742,0.3269343045421545,0.0,0.987500011920929,113.0,45.433980403905466,2.0,144.0,1.8876318046540925,0.07890856875614687,0.0012876276124381657,0.011159694280870484,0.265341463892581,0.2321061644039742,0.3269343045421545,0.0,0.987500011920929
19,318592,2052.968249469215,159,0.24654166559378307,0.3449913455470706,0.0,0.9750000238418579,110.74,48.305200548181155,4.0,144.0,1.8844495957547969,0.0766654796898365,-0.010827075129120865,0.012784754321204893,0.260866595580948,0.24654166559378307,0.3449913455470706,0.0,0.9750000238418579
20,335360,2057.899301289505,167,0.2116071430294692,0.3302083003832337,0.0,0.987500011920929,115.58503401360544,46.19418397549748,2.0,144.0,1.8786351969747832,0.06729481764363521,-0.00854143828936768,0.010984493398361585,0.26304323317264616,0.2116071430294692,0.3302083003832337,0.0,0.987500011920929
21,352128,2060.545429812442,175,0.2148648650460952,0.32222814701976116,0.0,0.918749988079071,115.24324324324324,44.75301916761045,13.0,144.0,1.8713135755423345,0.07470977932892063,-0.0001043297533848972,0.010185399918224324,0.26166817036257295,0.2148648650460952,0.32222814701976116,0.0,0.918749988079071
22,368896,2084.2029198481123,183,0.2534583326180776,0.3409014824403438,0.0,0.987500011920929,109.74,47.4224180460395,2.0,144.0,1.8643818786649993,0.08092290163040161,-0.011193751061165874,0.012398580124488833,0.27299504735809155,0.2534583326180776,0.3409014824403438,0.0,0.987500011920929
23,385664,2048.660279600846,191,0.2592741922024758,0.3513305305389864,0.0,0.981249988079071,108.91612903225807,49.24264540975731,3.0,144.0,1.8641655481222905,0.07290393559995925,-0.02642878918259433,0.012599808735434304,0.26631832071395845,0.2592741922024758,0.3513305305389864,0.0,0.981249988079071
24,402432,1943.3265971026815,200,0.2775712019846409,0.3392368642372763,0.0,0.9750000238418579,106.77848101265823,47.189977403183086,4.0,144.0,1.8578063972068555,0.09255750161228758,-0.026510710997337646,0.013713277523603403,0.27073951953993514,0.2775712019846409,0.3392368642372763,0.0,0.9750000238418579
25,419200,2050.838255290284,208,0.2567023036903457,0.3517191564972994,0.0,0.9750000238418579,109.34868421052632,49.41183800579375,4.0,144.0,1.8627712220856638,0.08423040914490368,0.011892661369391575,0.01132374760610136,0.26290876846294137,0.2567023036903457,0.3517191564972994,0.0,0.9750000238418579
26,435968,2036.7877477569734,216,0.23112331053896532,0.34179069109185617,0.0,0.981249988079071,113.07432432432432,48.11684697048738,3.0,144.0,1.8498315251234807,0.08725920042982607,0.022754210738860296,0.010849848170905854,0.2657385320804851,0.23112331053896532,0.34179069109185617,0.0,0.981249988079071
27,452736,2051.8494212263245,225,0.25208333363135654,0.3525019709401985,0.0,0.987500011920929,109.74666666666667,49.40744703202365,2.0,144.0,1.854190808354002,0.08003486405042085,0.005224562999721842,0.012368908081429474,0.27200890362062047,0.25208333363135654,0.3525019709401985,0.0,0.987500011920929
28,469504,2051.526517616488,233,0.2663671880960464,0.36110580025370026,0.0,0.987500011920929,107.78125,50.80682432939004,2.0,144.0,1.8510125333612615,0.0836168084519379,0.0015064368349020228,0.011447546968349454,0.282196238243828,0.2663671880960464,0.36110580025370026,0.0,0.987500011920929
29,486272,2061.8907538199096,241,0.2669303790677952,0.36941871287702105,0.0,0.9750000238418579,107.46835443037975,52.10829410961003,4.0,144.0,1.852344603249521,0.08182679664230708,0.012488489534889319,0.011079379738393154,0.28820748172968164,0.2669303790677952,0.36941871287702105,0.0,0.9750000238418579
30,503040,2029.1710194007892,249,0.1823369559386502,0.31815438108489724,0.0,0.981249988079071,119.34782608695652,44.423628027865526,3.0,144.0,1.8456635637716814,0.06565525444845359,0.02742180335476543,0.008523224090987986,0.2757090837389404,0.1823369559386502,0.31815438108489724,0.0,0.981249988079071
31,519808,1784.5498542027415,9,0.015833333586201523,0.06760140277721617,0.0,0.3675000071525574,356.09090909090907,18.609811091747368,253.0,360.0,1.8907275886246653,0.03347439697068749,0.036965839226137505,0.0007118657240150214,0.2572201307915919,0.015833333586201523,0.06760140277721617,0.0,0.3675000071525574
32,536576,2220.179441031945,16,0.02681372636089138,0.1034089083590214,0.0,0.5400000214576721,352.4117647058824,32.184624553816484,184.0,360.0,1.8781320272069988,0.020897993662705023,0.016314747983194662,0.0007494272786337233,0.2728082736741276,0.02681372636089138,0.1034089083590214,0.0,0.5400000214576721
33,553344,2181.5649549980294,24,0.03984693969999041,0.1584752063963038,0.0,0.7350000143051147,346.51020408163265,53.97434101231299,106.0,360.0,1.8710137822411277,0.016104452537767815,0.008166743844578212,0.0012812628972989676,0.2764392274554754,0.03984693969999041,0.1584752063963038,0.0,0.7350000143051147
34,570112,2050.6344675381156,32,0.03683673544805877,0.1497972941876117,0.0,0.8025000095367432,347.7142857142857,50.75069115845838,79.0,360.0,1.8682166012850674,0.014672881994170673,0.00671524954801002,0.0015542772695577394,0.30820556199434734,0.03683673544805877,0.1497972941876117,0.0,0.8025000095367432
35,586880,2061.387335418596,40,0.039550000429153444,0.1592778170303882,0.0,0.7549999952316284,346.58,54.40297418340289,98.0,360.0,1.8670035365856055,0.008645940230714834,-0.00045518695542617053,0.0013520950041393835,0.29421517082858645,0.039550000429153444,0.1592778170303882,0.0,0.7549999952316284
36,603648,2044.207893323933,49,0.06275000035762787,0.17661487155995037,0.0,0.7975000143051147,339.7,58.24748921627438,81.0,360.0,1.8514867117910674,0.010963556696272766,-0.00528596644995339,0.0017533097804213564,0.3175005323170007,0.06275000035762787,0.17661487155995037,0.0,0.7975000143051147
37,620416,2049.301339252999,57,0.05015625059604645,0.14263645558348423,0.0,0.5550000071525574,344.9375,45.009446346480054,178.0,360.0,1.8378770622340115,0.011488638025405111,-0.0016515113975126014,0.0011133036958088985,0.321461847453309,0.05015625059604645,0.14263645558348423,0.0,0.5550000071525574
38,637184,2033.7183736519728,65,0.05437499967714151,0.15791900194263941,0.0,0.6974999904632568,343.25,51.40667109756606,121.0,360.0,1.82565442721049,0.013488724728989782,-0.0007776006973334447,0.0016727654614387025,0.33717885455959307,0.05437499967714151,0.15791900194263941,0.0,0.6974999904632568
39,653952,1939.325614976108,74,0.021510416641831398,0.0852137926786242,0.0,0.4449999928474426,353.8958333333333,24.70344070446238,222.0,360.0,1.8235513730482622,0.013067427168910703,0.009000345203799732,0.0005033003637270832,0.32918820504723667,0.021510416641831398,0.0852137926786242,0.0,0.4449999928474426
40,670720,2028.3370838727421,82,0.029795919145856584,0.14486785070162933,0.0,0.7850000262260437,349.7142857142857,50.05955636712605,86.0,360.0,1.7971700249296245,0.009412988452381935,0.002953654776016871,0.0014490311922131557,0.3254428040796144,0.029795919145856584,0.14486785070162933,0.0,0.7850000262260437
41,687488,2055.214375038829,90,0.02611702078200401,0.09083654842045022,0.0,0.47749999165534973,352.9574468085106,26.08003838171738,209.0,360.0,1.8058135112126668,0.009462245634164323,0.004137147105101383,0.00047034813035156043,0.3272158813017102,0.02611702078200401,0.09083654842045022,0.0,0.47749999165534973
42,704256,2044.0863338659246,98,0.08314999908208848,0.21184239806059674,0.0,0.8050000071525574,333.14,71.83537011806928,78.0,360.0,1.771706658782381,0.01857518441410679,-0.005195944206648026,0.0028347659919580274,0.33948500669047343,0.08314999908208848,0.21184239806059674,0.0,0.8050000071525574
43,721024,2050.5422740633585,107,0.05840425542060365,0.17161190120101893,0.0,0.8974999785423279,341.74468085106383,57.095838833773044,41.0,360.0,1.7700042002128833,0.01391061581671238,0.0021118503800332264,0.0015186613919936601,0.33746480798825,0.05840425542060365,0.17161190120101893,0.0,0.8974999785423279
44,737792,2035.3310055789934,115,0.02076530608595634,0.08003539432216139,0.0,0.42500001192092896,354.9591836734694,23.12164740941803,230.0,360.0,1.7821226210305186,0.007421159556542989,0.0021384297986955835,0.00047283263230576375,0.334525491337496,0.02076530608595634,0.08003539432216139,0.0,0.42500001192092896
45,754560,2041.7824117086275,123,0.006041666492819786,0.041419578685588807,0.0,0.28999999165534973,358.4166666666667,10.854786450634988,284.0,360.0,1.7994370099269983,0.004094629746484288,0.0028186413321898067,0.00014146704774192943,0.3342193954521418,0.006041666492819786,0.041419578685588807,0.0,0.28999999165534973
46,771328,1942.6932857754814,132,0.0765196073289011,0.20683070533857037,0.0,0.8299999833106995,335.6666666666667,70.65205176285154,68.0,360.0,1.79407148288958,0.010144175266649461,-0.007200472459027713,0.002353832812690543,0.3540881316989113,0.0765196073289011,0.20683070533857037,0.0,0.8299999833106995
47,788096,1696.9404218077486,142,0.04686170309147936,0.13944082013726358,0.0,0.6575000286102295,346.36170212765956,44.508868603198664,137.0,360.0,1.7835127675172053,0.011001871708272533,-0.0007723503751383925,0.0012248293390836227,0.35150095148220345,0.04686170309147936,0.13944082013726358,0.0,0.6575000286102295
48,804864,1983.3279815412268,150,0.03353260781454003,0.13215662256933106,0.0,0.7174999713897705,349.19565217391306,43.461937153058514,113.0,360.0,1.7777353633533826,0.007117385035874604,-0.0008892092057177445,0.0008839574451981621,0.3591453162220481,0.03353260781454003,0.13215662256933106,0.0,0.7174999713897705
49,821632,2066.5018268082094,158,0.0064062499441206455,0.03245552316983981,0.0,0.20499999821186066,359.1041666666667,5.997359083148368,318.0,360.0,1.7715744105252353,0.00763926312863601,0.007332849012913577,0.0001230165750409166,0.35454631587755514,0.0064062499441206455,0.03245552316983981,0.0,0.20499999821186066
50,838400,2038.213143209316,166,0.0,0.0,0.0,0.0,360.0,0.0,360.0,360.0,1.7504742362282493,0.003208013320104466,0.0039007823744958096,1.009745180150882e-05,0.36950316791065674,0.0,0.0,0.0,0.0
51,855168,2061.665061434932,175,0.04704081647250117,0.16269076313435205,0.0,0.7350000143051147,344.44897959183675,54.52019330991595,106.0,360.0,1.757989657647682,0.007486471743587489,-0.0045703192811219415,0.0014633731043431908,0.36220096773763605,0.04704081647250117,0.16269076313435205,0.0,0.7350000143051147
52,871936,2061.0427594763228,183,0.017880434575288193,0.11994560153274593,0.0,0.8224999904632568,353.7173913043478,42.14502035852866,71.0,360.0,1.7477891824462197,0.0054181331810964775,0.0022147775201698428,0.000947372057591124,0.3651557082623933,0.017880434575288193,0.11994560153274593,0.0,0.8224999904632568
53,888704,1961.938099801904,191,0.03946808487810987,0.1517416038774119,0.0,0.8974999785423279,347.6170212765957,51.50895530132201,41.0,360.0,1.7436348922324902,0.01386261127437606,0.007172262274914167,0.0011316131542226879,0.3721732114970394,0.03946808487810987,0.1517416038774119,0.0,0.8974999785423279
54,905472,2015.3548314366872,200,0.0022872340805987095,0.015512776283270588,0.0,0.10750000178813934,359.93617021276594,0.4329146797739531,357.0,360.0,1.7556074731277698,0.007040362456764066,0.007502084837831331,5.410166533803215e-05,0.34654151422464496,0.0022872340805987095,0.015512776283270588,0.0,0.10750000178813934
55,922240,2022.4467863094014,208,0.043333333606521286,0.14869338456967426,0.0,0.7400000095367432,346.0,48.873987628048795,104.0,360.0,1.764380409862056,0.008186908086028063,-0.003005423453225486,0.001144813029289556,0.3583689355425261,0.043333333606521286,0.14869338456967426,0.0,0.7400000095367432
56,939008,1974.4746893891086,216,0.018177083383003872,0.08753234469761108,0.0,0.4749999940395355,354.3958333333333,27.06222735300174,210.0,360.0,1.7439864386211743,0.008184064260796842,0.0013542802881795178,0.0004922624374916213,0.3604161906343904,0.018177083383003872,0.08753234469761108,0.0,0.4749999940395355
57,955776,2052.9593802960403,225,0.0,0.0,0.0,0.0,360.0,0.0,360.0,360.0,1.7387349984862588,0.00254662211823002,0.0033081076495970287,2.230253382797607e-05,0.36457001565748476,0.0,0.0,0.0,0.0
58,972544,2084.877235541085,233,0.00598958320915699,0.04106251368234196,0.0,0.2874999940395355,358.4375,10.711960313126632,285.0,360.0,1.7220097256429268,0.000937583974298446,-0.0005255287199664357,5.5587565363814726e-05,0.34352138500048196,0.00598958320915699,0.04106251368234196,0.0,0.2874999940395355
59,989312,2050.333643696254,241,0.0,0.0,0.0,0.0,360.0,0.0,360.0,360.0,1.7146793567773067,0.0018190850766559104,0.0019670752353153093,4.163577389618061e-05,0.3535200627053676,0.0,0.0,0.0,0.0
60,1006080,1963.7344108571117,249,0.0,0.0,0.0,0.0,360.0,0.0,360.0,360.0,1.7038191936232827,7.754646834324707e-05,-1.9437490429867687e-05,7.481200265663739e-06,0.3605450720462023,0.0,0.0,0.0,0.0
61,1022848,1792.3020780254642,9,0.06879464217594691,0.20471328880263764,0.0,0.856249988079071,391.2142857142857,272.987356737955,19.0,720.0,1.5194685260454814,0.00782340134328203,-0.0035457128445462636,0.0017959431922160245,0.40827882122691644,0.06879464217594691,0.20471328880263764,0.0,0.856249988079071
62,1039616,2035.7827652060303,17,0.030156250577419996,0.13697511903825801,0.0,0.768750011920929,508.8125,291.84568241409704,6.0,720.0,1.545903574336659,0.0073650322632271455,0.0022076144073666496,0.0009324877912810982,0.3753285464535689,0.030156250577419996,0.13697511903825801,0.0,0.768750011920929
63,1056384,2136.8715199201715,25,0.02065789542700115,0.12565707225818154,0.0,0.7850000262260437,488.1842105263158,290.90619353135656,9.0,720.0,1.5258402752153801,0.005064249460260864,0.001098234677611441,0.0009383488549880867,0.3972445697061636,0.02065789542700115,0.12565707225818154,0.0,0.7850000262260437
64,1073152,2038.3855204962838,33,0.02883333365122477,0.15527225365094266,0.0,0.8650000095367432,530.4,272.765051524812,22.0,720.0,1.541736987504092,0.005531650787981396,0.0013005985348365466,0.0010845565228175308,0.3928850136990304,0.02883333365122477,0.15527225365094266,0.0,0.8650000095367432
65,1089920,2032.0154702257817,41,0.013928570917674474,0.07237497751871533,0.0,0.38999998569488525,589.1428571428571,216.287790139123,23.0,720.0,1.5416113878741409,0.0030558687423322363,0.0010510517661741962,0.00023628330482648434,0.3896941283455174,0.013928570917674474,0.07237497751871533,0.0,0.38999998569488525
66,1106688,2011.6860554093091,50,0.032142856291362217,0.16701918059107285,0.0,0.8999999761581421,619.8571428571429,214.23113590661077,80.0,720.0,1.5215920823993105,0.0038831006284894875,-0.00021281672437026194,0.0011179425476284725,0.3983882054650408,0.032142856291362217,0.16701918059107285,0.0,0.8999999761581421
67,1123456,1919.242888488255,59,0.05245689636674421,0.1792469510769044,0.0,0.8612499833106995,574.9655172413793,239.13760037766465,56.0,720.0,1.5210228977781353,0.005231282156962676,-0.00295459516603318,0.001444072735246278,0.39789217930572773,0.05245689636674421,0.1792469510769044,0.0,0.8612499833106995
68,1140224,2060.6664793424675,67,0.029121622040465072,0.1389572269188497,0.0,0.8262500166893005,464.2162162162162,282.25425907160616,1.0,720.0,1.510288827347033,0.005158576710417754,-0.00028603540120071335,0.0011070478560048452,0.3898653044033851,0.029121622040465072,0.1389572269188497,0.0,0.8262500166893005
69,1156992,2052.4295862440877,75,0.0,0.0,0.0,0.0,574.074074074074,253.14670405180235,7.0,720.0,1.51033662665974,0.0015232019989002076,0.001786525708722007,4.74660664174349e-06,0.3904077191924732,0.0,0.0,0.0,0.0
70,1173760,2033.657508626696,83,0.006953124888241291,0.03871336096305634,0.0,0.2224999964237213,531.53125,280.5833192180845,13.0,720.0,1.4704050530086865,0.001679054943121049,0.0004782900161279196,7.621282433126797e-05,0.3818342591101262,0.006953124888241291,0.03871336096305634,0.0,0.2224999964237213
71,1190528,2036.3611899642294,91,0.0,0.0,0.0,0.0,577.3333333333334,243.52992058928245,39.0,720.0,1.4121581442428357,0.0005420401838350562,0.0006449112600724524,2.9799245259647993e-06,0.3678875399882561,0.0,0.0,0.0,0.0
72,1207296,2038.1560252965182,100,0.0,0.0,0.0,0.0,579.3448275862069,236.26829808533918,6.0,720.0,1.4329256921103506,0.0001897087730123365,0.00019922806269746752,1.7053546245990399e-06,0.38075308771696914,0.0,0.0,0.0,0.0
73,1224064,1992.046763330332,108,0.005089285650423595,0.026444703962294657,0.0,0.14249999821186066,603.2857142857143,250.16092779632552,1.0,720.0,1.4360418717066448,-0.00030175217723422753,-0.0012136633017551944,3.1594787304122676e-05,0.36383949513123487,0.005089285650423595,0.026444703962294657,0.0,0.14249999821186066
74,1240832,1950.1986901935438,117,0.0,0.0,0.0,0.0,518.0689655172414,275.52744791418195,41.0,720.0,1.4236798304500002,-0.0008439911883518411,-0.0008962132789857799,4.637702932258793e-07,0.3559241625645034,0.0,0.0,0.0,0.0
75,1257600,1974.7395798855691,125,0.023164061829447746,0.12897203795239034,0.0,0.7412499785423279,559.84375,250.1470953977629,29.0,720.0,1.3775621851285298,0.00114552081997703,-0.003243661649652164,0.0008095426962950803,0.37145577953649234,0.023164061829447746,0.12897203795239034,0.0,0.7412499785423279
76,1274368,1687.1453855924733,135,0.0,0.0,0.0,0.0,569.0625,263.14800226061,8.0,720.0,1.4450856266599712,-1.7608105846386135e-06,4.990964305651494e-05,2.3030040174696542e-06,0.34736350239233366,0.0,0.0,0.0,0.0
77,1291136,2073.85948332745,143,0.011508621018508384,0.06089789829652815,0.0,0.33375000953674316,542.9310344827586,272.5482470460879,5.0,720.0,1.4400867277925664,0.0010348190851139159,-0.0009873469783046444,0.00016284261426914202,0.35802016673376563,0.011508621018508384,0.06089789829652815,0.0,0.33375000953674316
78,1307904,2030.8261716073364,151,0.0,0.0,0.0,0.0,638.6153846153846,185.5381107280776,108.0,720.0,1.4598666194713477,0.00010353725528230743,0.00017399682230296258,7.061427394870462e-07,0.346270413114455,0.0,0.0,0.0,0.0
79,1324672,2057.2212592910128,160,0.0,0.0,0.0,0.0,581.7037037037037,259.9454094847772,3.0,720.0,1.4583500750137097,0.0001048779896254101,0.00019180863339649724,7.457620597291005e-07,0.3280844113538475,0.0,0.0,0.0,0.0
80,1341440,2033.3030936957769,168,0.0,0.0,0.0,0.0,559.6969696969697,259.28368514959953,4.0,720.0,1.405080376249371,-7.258926450848583e-06,-3.3790030122624806e-05,2.559474026121007e-07,0.34399777036708684,0.0,0.0,0.0,0.0
81,1358208,2005.9324949384709,176,0.0,0.0,0.0,0.0,637.16,175.13119196762182,75.0,720.0,1.4101358399246677,-0.0001987608150584768,-0.00018606976311385745,2.1702633909521382e-07,0.3579557628082055,0.0,0.0,0.0,0.0
82,1374976,1961.4559878478572,185,0.014230769414168138,0.07115384707084069,0.0,0.3700000047683716,662.6153846153846,132.588454342194,259.0,720.0,1.35153411915808,0.0010103195169049836,-0.001171888843876359,0.00019314250526445957,0.3541766317027293,0.014230769414168138,0.07115384707084069,0.0,0.3700000047683716
83,1391744,2037.8147430855786,193,0.04333333373069763,0.16357412176561414,0.0,0.7337499856948853,568.4,243.55158248989747,21.0,720.0,1.3576777577400208,0.003738457303453205,-0.0040306973656477185,0.0012285344505058179,0.36564502824860146,0.04333333373069763,0.16357412176561414,0.0,0.7337499856948853
84,1408512,2024.5007594674796,201,0.01024999976158142,0.050214538559047416,0.0,0.2562499940395355,572.16,248.09670372659127,30.0,720.0,1.360951755986069,0.0020777057299820817,0.0004804129640626453,0.00010018667363841483,0.362576973738259,0.01024999976158142,0.050214538559047416,0.0,0.2562499940395355
85,1425280,2029.1811478837815,210,0.0,0.0,0.0,0.0,573.2727272727273,249.5824722778416,16.0,720.0,1.3978067871296045,0.001164713066607488,0.0013790713644332507,8.301984524216481e-07,0.34573112730878713,0.0,0.0,0.0,0.0
86,1442048,2053.0413631406655,218,0.0,0.0,0.0,0.0,644.1153846153846,210.92111666597373,22.0,720.0,1.3837544918060303,0.0006824439882014607,0.0007175017866150787,4.7171631815482823e-07,0.3510753089532238,0.0,0.0,0.0,0.0
87,1458816,2027.1163861354062,226,0.05043269292666362,0.15412553742190802,0.0,0.6775000095367432,622.3846153846154,195.9652788953808,10.0,720.0,1.33041128245267,0.0043638888746500015,-0.0036145180861102276,0.0009595445938457763,0.3734400482925962,0.05043269292666362,0.15412553742190802,0.0,0.6775000095367432
88,1475584,2025.152793941354,234,0.0,0.0,0.0,0.0,650.5,192.83542205725587,8.0,720.0,1.3482783436775208,0.0018045923235618059,0.002156083429740234,3.872118620138005e-06,0.36053371646145366,0.0,0.0,0.0,0.0
89,1492352,1912.9816535691193,243,0.0,0.0,0.0,0.0,579.4242424242424,254.87680093474395,14.0,720.0,1.3412022644823247,0.0008678814657204467,0.0009006461045690671,1.0530846788531727e-06,0.35049233233800886,0.0,0.0,0.0,0.0
90,1509120,1739.3424965297897,253,0.0,0.0,0.0,0.0,585.4347826086956,247.79213344831143,22.0,720.0,1.3279259692538867,0.0005805674625276658,0.0006389837512732342,7.224143202566927e-07,0.35397380738607576,0.0,0.0,0.0,0.0
91,1525888,2068.7816357138145,8,0.0,0.0,0.0,0.0,324.0,0.0,324.0,324.0,1.526836462093122,0.00017483405297918415,0.00023354020011152676,1.4325406751745298e-07,0.36637221064669007,0.0,0.0,0.0,0.0
92,1542656,2393.9736028068924,15,0.0,0.0,0.0,0.0,324.0,0.0,324.0,324.0,1.5321367094011018,-0.00012084717872601851,-0.00010172390390531898,4.641389709203133e-07,0.36040232759193036,0.0,0.0,0.0,0.0
93,1559424,2292.769260174538,22,0.0,0.0,0.0,0.0,324.0,0.0,324.0,324.0,1.4857926495147473,-0.0001746393433787682,-0.0002220817828360437,1.7246711569726765e-06,0.38723257624606255,0.0,0.0,0.0,0.0
94,1576192,2083.0706511031403,30,0.0,0.0,0.0,0.0,324.0,0.0,324.0,324.0,1.5382639025196885,-8.340504695242447e-05,-9.942234982824603e-05,4.168677600537649e-07,0.3505575152284643,0.0,0.0,0.0,0.0
95,1592960,2085.365234132579,38,0.0,0.0,0.0,0.0,324.0,0.0,324.0,324.0,1.5068376551974902,0.00011682097763034768,0.0001548827962269019,8.337364589962273e-09,0.3828445374114105,0.0,0.0,0.0,0.0
96,1609728,1987.5548497746179,46,0.0,0.0,0.0,0.0,324.0,0.0,324.0,324.0,1.4892809228463606,5.375813837169765e-05,6.439601747842971e-05,1.8968250921473514e-07,0.34868313305440735,0.0,0.0,0.0,0.0
97,1626496,2076.1492517089982,55,0.0,0.0,0.0,0.0,324.0,0.0,324.0,324.0,1.552532636758053,-0.0001579801054035532,-0.0002067450111622527,3.626001663235887e-08,0.3186892384370876,0.0,0.0,0.0,0.0
98,1643264,2085.313357205244,63,0.0,0.0,0.0,0.0,324.0,0.0,324.0,324.0,1.5236637303323457,0.0001566273846644132,0.00019516473703058153,2.2622395972666193e-07,0.32504662329007294,0.0,0.0,0.0,0.0
99,1660032,2099.3633552756773,71,0.0,0.0,0.0,0.0,324.0,0.0,324.0,324.0,1.5090213201262734,-6.19440289676387e-05,-6.632351971458058e-05,4.966929920825716e-07,0.3358299362483862,0.0,0.0,0.0,0.0
100,1676800,2047.21004956757,79,0.0,0.0,0.0,0.0,324.0,0.0,324.0,324.0,1.5597499879923733,0.0006964979984883084,0.00085241748743239,5.662309144389094e-07,0.33053645668950704,0.0,0.0,0.0,0.0
101,1693568,2068.9563010391425,87,0.0,0.0,0.0,0.0,324.0,0.0,324.0,324.0,1.5089706182479858,0.0003318831651554457,0.0004187089326671522,6.801910590326088e-08,0.3559354570403529,0.0,0.0,0.0,0.0
102,1710336,2096.1514277178285,95,0.0,0.0,0.0,0.0,324.0,0.0,324.0,324.0,1.5412995959773208,0.00041725730298739194,0.0005024882535287885,2.5824323635743673e-07,0.3370451243369092,0.0,0.0,0.0,0.0
103,1727104,2011.3222303987989,103,0.0,0.0,0.0,0.0,324.0,0.0,324.0,324.0,1.5607615275816484,2.4973018808492327e-05,6.454141453793977e-05,2.3031148675193327e-06,0.35349513264294086,0.0,0.0,0.0,0.0
104,1743872,2041.1490087670038,111,0.0,0.0,0.0,0.0,324.0,0.0,324.0,324.0,1.4798394658348777,1.6194605340195157e-05,1.9176024634913176e-05,3.061822722229899e-07,0.34155272833803335,0.0,0.0,0.0,0.0
105,1760640,2064.7869448793012,120,0.0,0.0,0.0,0.0,324.0,0.0,324.0,324.0,1.544038378831112,-0.0001914566885468296,-0.0002202948680584968,2.344829741956203e-06,0.3452333723869655,0.0,0.0,0.0,0.0
106,1777408,2019.775610538362,128,0.0,0.0,0.0,0.0,324.0,0.0,324.0,324.0,1.533596143578038,-7.662279302056766e-05,-9.233383752871305e-05,2.038714856092332e-07,0.3312177794517832,0.0,0.0,0.0,0.0
107,1794176,2085.7985907635452,136,0.0,0.0,0.0,0.0,324.0,0.0,324.0,324.0,1.5616346687981577,0.00010165665287676154,0.00012838519791275206,3.3547890612296805e-07,0.3143547551069288,0.0,0.0,0.0,0.0
108,1810944,2109.5943669432713,144,0.0,0.0,0.0,0.0,324.0,0.0,324.0,324.0,1.539341157132929,0.0006391271151435583,0.0008051086060180696,1.9749543597819838e-07,0.31042599913572194,0.0,0.0,0.0,0.0
109,1827712,2109.762891270824,152,0.0,0.0,0.0,0.0,324.0,0.0,324.0,324.0,1.5261657039324443,0.00033853296713459713,0.00041770703330367917,4.204216000144615e-06,0.29833578408497335,0.0,0.0,0.0,0.0
110,1844480,2094.8601844791165,160,0.0,0.0,0.0,0.0,324.0,0.0,324.0,324.0,1.498859127362569,0.00016539837498853694,0.0002051089885009622,1.22836720290403e-07,0.3084134640300278,0.0,0.0,0.0,0.0
111,1861248,1978.9788834245605,168,0.0,0.0,0.0,0.0,324.0,0.0,324.0,324.0,1.4671038136337742,6.0763021434523225e-05,0.00010157482437066254,2.753295029744862e-07,0.31039774241682117,0.0,0.0,0.0,0.0
112,1878016,2086.0401166389474,176,0.0,0.0,0.0,0.0,324.0,0.0,324.0,324.0,1.4977101466872476,3.9988806775275435e-05,4.642248864966501e-05,2.0426709996868692e-07,0.28297584264694425,0.0,0.0,0.0,0.0
113,1894784,2098.891771990631,184,0.0,0.0,0.0,0.0,324.0,0.0,324.0,324.0,1.423649793321436,-0.00024769819367176035,-0.00032618834776451075,2.396297245481223e-08,0.3192857417924764,0.0,0.0,0.0,0.0
114,1911552,2113.6098078102127,192,0.0,0.0,0.0,0.0,324.0,0.0,324.0,324.0,1.4535378524751374,-0.00012549273231233008,-0.0001514827575495777,1.7032985404610762e-07,0.31664346061639853,0.0,0.0,0.0,0.0
115,1928320,2063.069339076792,200,0.0,0.0,0.0,0.0,324.0,0.0,324.0,324.0,1.4687202049024177,0.0002009275065740274,0.0002357923546118069,2.545841513359257e-07,0.3066197624702553,0.0,0.0,0.0,0.0
116,1945088,2112.9810228227198,208,0.0,0.0,0.0,0.0,324.0,0.0,324.0,324.0,1.4426467635414817,1.3601837829148941e-05,2.584303548542955e-05,7.430822401843784e-09,0.3148285091499542,0.0,0.0,0.0,0.0
117,1961856,2078.5109744826086,216,0.0,0.0,0.0,0.0,324.0,0.0,324.0,324.0,1.428930483081124,-1.0530971353132786e-05,-9.940356600660985e-06,1.4155526445290262e-07,0.30520376815791467,0.0,0.0,0.0,0.0
118,1978624,2018.9149519164137,225,0.0,0.0,0.0,0.0,324.0,0.0,324.0,324.0,1.3943826718763872,-9.930317625703262e-05,-0.00010974188692423262,2.2232663077551597e-08,0.300671331588669,0.0,0.0,0.0,0.0
119,1995392,2095.339446405647,233,0.0,0.0,0.0,0.0,324.0,0.0,324.0,324.0,1.3671292066574097,-4.9227745784829686e-05,-5.891552458100099e-05,1.2956706040222915e-07,0.3047699774156012,0.0,0.0,0.0,0.0
120,2012160,2080.540679325694,241,0.0,0.0,0.0,0.0,324.0,0.0,324.0,324.0,1.282802914128159,-5.358711330865679e-05,-0.00015212869964836335,8.07350797878936e-06,0.3115524943076138,0.0,0.0,0.0,0.0
